<?xml version="1.0" encoding="UTF-8"?>
<GenRun Id="impl_1" LaunchPart="xc7a35tcpg236-1" LaunchTime="1733421153">
  <File Type="ROUTE-PWR" Name="display_power_routed.rpt"/>
  <File Type="PA-TCL" Name="display.tcl"/>
  <File Type="BITSTR-MMI" Name="display.mmi"/>
  <File Type="OPT-METHODOLOGY-DRC" Name="display_methodology_drc_opted.rpt"/>
  <File Type="INIT-TIMING" Name="display_timing_summary_init.rpt"/>
  <File Type="ROUTE-PWR-SUM" Name="display_power_summary_routed.pb"/>
  <File Type="REPORTS-TCL" Name="display_reports.tcl"/>
  <File Type="OPT-TIMING" Name="display_timing_summary_opted.rpt"/>
  <File Type="OPT-DCP" Name="display_opt.dcp"/>
  <File Type="OPT-DRC" Name="display_drc_opted.rpt"/>
  <File Type="OPT-HWDEF" Name="display.hwdef"/>
  <File Type="PWROPT-DCP" Name="display_pwropt.dcp"/>
  <File Type="PWROPT-DRC" Name="display_drc_pwropted.rpt"/>
  <File Type="PWROPT-TIMING" Name="display_timing_summary_pwropted.rpt"/>
  <File Type="PLACE-DCP" Name="display_placed.dcp"/>
  <File Type="PLACE-IO" Name="display_io_placed.rpt"/>
  <File Type="PLACE-CLK" Name="display_clock_utilization_placed.rpt"/>
  <File Type="PLACE-UTIL" Name="display_utilization_placed.rpt"/>
  <File Type="PLACE-UTIL-PB" Name="display_utilization_placed.pb"/>
  <File Type="PLACE-CTRL" Name="display_control_sets_placed.rpt"/>
  <File Type="PLACE-SIMILARITY" Name="display_incremental_reuse_placed.rpt"/>
  <File Type="PLACE-PRE-SIMILARITY" Name="display_incremental_reuse_pre_placed.rpt"/>
  <File Type="BG-BIN" Name="display.bin"/>
  <File Type="PLACE-TIMING" Name="display_timing_summary_placed.rpt"/>
  <File Type="POSTPLACE-PWROPT-DCP" Name="display_postplace_pwropt.dcp"/>
  <File Type="BITSTR-MSK" Name="display.msk"/>
  <File Type="POSTPLACE-PWROPT-TIMING" Name="display_timing_summary_postplace_pwropted.rpt"/>
  <File Type="PHYSOPT-DCP" Name="display_physopt.dcp"/>
  <File Type="PHYSOPT-DRC" Name="display_drc_physopted.rpt"/>
  <File Type="BITSTR-RBT" Name="display.rbt"/>
  <File Type="PHYSOPT-TIMING" Name="display_timing_summary_physopted.rpt"/>
  <File Type="ROUTE-ERROR-DCP" Name="display_routed_error.dcp"/>
  <File Type="ROUTE-DCP" Name="display_routed.dcp"/>
  <File Type="ROUTE-BLACKBOX-DCP" Name="display_routed_bb.dcp"/>
  <File Type="ROUTE-DRC" Name="display_drc_routed.rpt"/>
  <File Type="ROUTE-DRC-PB" Name="display_drc_routed.pb"/>
  <File Type="ROUTE-DRC-RPX" Name="display_drc_routed.rpx"/>
  <File Type="ROUTE-METHODOLOGY-DRC" Name="display_methodology_drc_routed.rpt"/>
  <File Type="ROUTE-METHODOLOGY-DRC-RPX" Name="display_methodology_drc_routed.rpx"/>
  <File Type="ROUTE-METHODOLOGY-DRC-PB" Name="display_methodology_drc_routed.pb"/>
  <File Type="ROUTE-PWR-RPX" Name="display_power_routed.rpx"/>
  <File Type="ROUTE-STATUS" Name="display_route_status.rpt"/>
  <File Type="ROUTE-STATUS-PB" Name="display_route_status.pb"/>
  <File Type="ROUTE-TIMINGSUMMARY" Name="display_timing_summary_routed.rpt"/>
  <File Type="ROUTE-TIMING-PB" Name="display_timing_summary_routed.pb"/>
  <File Type="ROUTE-TIMING-RPX" Name="display_timing_summary_routed.rpx"/>
  <File Type="ROUTE-SIMILARITY" Name="display_incremental_reuse_routed.rpt"/>
  <File Type="ROUTE-CLK" Name="display_clock_utilization_routed.rpt"/>
  <File Type="ROUTE-BUS-SKEW" Name="display_bus_skew_routed.rpt"/>
  <File Type="ROUTE-BUS-SKEW-PB" Name="display_bus_skew_routed.pb"/>
  <File Type="ROUTE-BUS-SKEW-RPX" Name="display_bus_skew_routed.rpx"/>
  <File Type="POSTROUTE-PHYSOPT-DCP" Name="display_postroute_physopt.dcp"/>
  <File Type="POSTROUTE-PHYSOPT-BLACKBOX-DCP" Name="display_postroute_physopt_bb.dcp"/>
  <File Type="POSTROUTE-PHYSOPT-TIMING" Name="display_timing_summary_postroute_physopted.rpt"/>
  <File Type="POSTROUTE-PHYSOPT-TIMING-PB" Name="display_timing_summary_postroute_physopted.pb"/>
  <File Type="POSTROUTE-PHYSOPT-TIMING-RPX" Name="display_timing_summary_postroute_physopted.rpx"/>
  <File Type="POSTROUTE-PHYSOPT-BUS-SKEW" Name="display_bus_skew_postroute_physopted.rpt"/>
  <File Type="BG-BIT" Name="display.bit"/>
  <File Type="POSTROUTE-PHYSOPT-BUS-SKEW-PB" Name="display_bus_skew_postroute_physopted.pb"/>
  <File Type="POSTROUTE-PHYSOPT-BUS-SKEW-RPX" Name="display_bus_skew_postroute_physopted.rpx"/>
  <File Type="BITSTR-NKY" Name="display.nky"/>
  <File Type="BITSTR-BMM" Name="display_bd.bmm"/>
  <File Type="PDI-FILE" Name="display.pdi"/>
  <File Type="RCFI_FILE" Name="display.rcfi"/>
  <File Type="CFI_FILE" Name="display.cfi"/>
  <File Type="RNPI_FILE" Name="display.rnpi"/>
  <File Type="NPI_FILE" Name="display.npi"/>
  <File Type="RBD_FILE" Name="display.rbd"/>
  <File Type="BITSTR-LTX" Name="debug_nets.ltx"/>
  <File Type="BITSTR-LTX" Name="display.ltx"/>
  <File Type="BITSTR-SYSDEF" Name="display.sysdef"/>
  <File Type="BG-BGN" Name="display.bgn"/>
  <File Type="BG-DRC" Name="display.drc"/>
  <File Type="RDI-RDI" Name="display.vdi"/>
  <File Type="WBT-USG" Name="usage_statistics_webtalk.html"/>
  <File Type="ROUTE-RQS" Name="display_routed.rqs"/>
  <File Type="POSTROUTE-PHYSOPT-RQS" Name="display_postroute_physopted.rqs"/>
  <File Type="ROUTE-RQS-RPT" Name="route_report_qor_suggestions_0.rpt"/>
  <File Type="POSTROUTE-PHYSOPT-RQS-RPT" Name="postroute_physopt_report_qor_suggestions_0.rpt"/>
  <FileSet Name="sources" Type="DesignSrcs" RelSrcDir="$PSRCDIR/sources_1" RelGenDir="$PGENDIR/sources_1">
    <Filter Type="Srcs"/>
    <File Path="$PSRCDIR/sources_1/ip/clk_wiz_0/clk_wiz_0.xci">
      <FileInfo>
        <Attr Name="UsedIn" Val="synthesis"/>
        <Attr Name="UsedIn" Val="implementation"/>
        <Attr Name="UsedIn" Val="simulation"/>
      </FileInfo>
    </File>
    <File Path="$PSRCDIR/sources_1/new/ballCtrl.v">
      <FileInfo>
        <Attr Name="UsedIn" Val="synthesis"/>
        <Attr Name="UsedIn" Val="implementation"/>
        <Attr Name="UsedIn" Val="simulation"/>
      </FileInfo>
    </File>
    <File Path="$PPRDIR/../clockDivider.v">
      <FileInfo>
        <Attr Name="UsedIn" Val="synthesis"/>
        <Attr Name="UsedIn" Val="implementation"/>
        <Attr Name="UsedIn" Val="simulation"/>
      </FileInfo>
    </File>
    <File Path="$PPRDIR/../counter_x_bit.v">
      <FileInfo>
        <Attr Name="UsedIn" Val="synthesis"/>
        <Attr Name="UsedIn" Val="implementation"/>
        <Attr Name="UsedIn" Val="simulation"/>
      </FileInfo>
    </File>
    <File Path="$PPRDIR/../debouncer.v">
      <FileInfo>
        <Attr Name="UsedIn" Val="synthesis"/>
        <Attr Name="UsedIn" Val="implementation"/>
        <Attr Name="UsedIn" Val="simulation"/>
      </FileInfo>
    </File>
    <File Path="$PSRCDIR/sources_1/new/paddleCtrl.v">
      <FileInfo>
        <Attr Name="UsedIn" Val="synthesis"/>
        <Attr Name="UsedIn" Val="implementation"/>
        <Attr Name="UsedIn" Val="simulation"/>
      </FileInfo>
    </File>
    <File Path="$PSRCDIR/sources_1/new/vgaSync.v">
      <FileInfo>
        <Attr Name="UsedIn" Val="synthesis"/>
        <Attr Name="UsedIn" Val="implementation"/>
        <Attr Name="UsedIn" Val="simulation"/>
      </FileInfo>
    </File>
    <File Path="$PSRCDIR/sources_1/new/display.v">
      <FileInfo>
        <Attr Name="UsedIn" Val="synthesis"/>
        <Attr Name="UsedIn" Val="implementation"/>
        <Attr Name="UsedIn" Val="simulation"/>
      </FileInfo>
    </File>
    <File Path="$PSRCDIR/sources_1/new/SevenSegDecWithEn.v">
      <FileInfo>
        <Attr Name="AutoDisabled" Val="1"/>
        <Attr Name="UsedIn" Val="synthesis"/>
        <Attr Name="UsedIn" Val="implementation"/>
        <Attr Name="UsedIn" Val="simulation"/>
      </FileInfo>
    </File>
    <File Path="$PSRCDIR/sources_1/new/ascii_rom.v">
      <FileInfo>
        <Attr Name="AutoDisabled" Val="1"/>
        <Attr Name="UsedIn" Val="synthesis"/>
        <Attr Name="UsedIn" Val="implementation"/>
        <Attr Name="UsedIn" Val="simulation"/>
      </FileInfo>
    </File>
    <File Path="$PPRDIR/../rising_edge.v">
      <FileInfo>
        <Attr Name="AutoDisabled" Val="1"/>
        <Attr Name="UsedIn" Val="synthesis"/>
        <Attr Name="UsedIn" Val="implementation"/>
        <Attr Name="UsedIn" Val="simulation"/>
      </FileInfo>
    </File>
    <File Path="$PPRDIR/../synchronizer.v">
      <FileInfo>
        <Attr Name="AutoDisabled" Val="1"/>
        <Attr Name="UsedIn" Val="synthesis"/>
        <Attr Name="UsedIn" Val="implementation"/>
        <Attr Name="UsedIn" Val="simulation"/>
      </FileInfo>
    </File>
    <File Path="$PPRDIR/../pushButton.v">
      <FileInfo>
        <Attr Name="AutoDisabled" Val="1"/>
        <Attr Name="UsedIn" Val="synthesis"/>
        <Attr Name="UsedIn" Val="implementation"/>
        <Attr Name="UsedIn" Val="simulation"/>
      </FileInfo>
    </File>
    <Config>
      <Option Name="DesignMode" Val="RTL"/>
      <Option Name="TopModule" Val="display"/>
    </Config>
  </FileSet>
  <FileSet Name="constrs_in" Type="Constrs" RelSrcDir="$PSRCDIR/constrs_1">
    <Filter Type="Constrs"/>
    <File Path="$PSRCDIR/constrs_1/new/display constraint.xdc">
      <FileInfo>
        <Attr Name="UsedIn" Val="synthesis"/>
        <Attr Name="UsedIn" Val="implementation"/>
      </FileInfo>
    </File>
    <Config>
      <Option Name="TargetConstrsFile" Val="$PSRCDIR/constrs_1/new/display constraint.xdc"/>
      <Option Name="ConstrsType" Val="XDC"/>
    </Config>
  </FileSet>
  <FileSet Name="utils" Type="Utils" RelSrcDir="$PSRCDIR/utils_1">
    <Filter Type="Utils"/>
    <File Path="$PSRCDIR/utils_1/imports/synth_1/display.dcp">
      <FileInfo>
        <Attr Name="UsedIn" Val="synthesis"/>
        <Attr Name="UsedIn" Val="implementation"/>
        <Attr Name="UsedInSteps" Val="synth_1"/>
        <Attr Name="AutoDcp" Val="1"/>
      </FileInfo>
    </File>
    <Config>
      <Option Name="TopAutoSet" Val="TRUE"/>
    </Config>
  </FileSet>
  <Strategy Version="1" Minor="2">
    <StratHandle Name="Vivado Implementation Defaults" Flow="Vivado Implementation 2022"/>
    <Step Id="init_design"/>
    <Step Id="opt_design"/>
    <Step Id="power_opt_design"/>
    <Step Id="place_design"/>
    <Step Id="post_place_power_opt_design"/>
    <Step Id="phys_opt_design"/>
    <Step Id="route_design"/>
    <Step Id="post_route_phys_opt_design"/>
    <Step Id="write_bitstream"/>
  </Strategy>
</GenRun>
